<?xml version='1.0' encoding='UTF-8' ?>
<timeLogEntries>
  <time id="1" path="/Non Project/Lab1/Planning" start="@1534692485858" delta="44" interrupt="4" />
  <time id="2" path="/Non Project/Lab1/Design" start="@1534941022422" delta="41" />
  <time id="3" path="/Non Project/Lab2/Planning" start="@1537132760675" delta="56" />
  <time id="4" path="/Non Project/Lab2/Planning" start="@1537137813661" delta="23" />
  <time id="5" path="/Non Project/Lab2/Design" start="@1537139894503" delta="89" />
  <time id="6" path="/Non Project/Lab2/Design" start="@1537206461399" delta="23" />
  <time id="7" path="/Non Project/Lab2/Design" start="@1537208309434" delta="8" />
  <time id="8" path="/Non Project/Lab2/Design" start="@1537208827941" delta="109" interrupt="15" />
  <time id="9" path="/Non Project/Lab2/Design" start="@1537420519628" delta="91" />
  <time id="10" path="/Non Project/Lab2/Design" start="@1537427809092" delta="52" interrupt="1" />
  <time id="11" path="/Non Project/Lab2/Code" start="@1537476429835" delta="64" />
  <time id="12" path="/Non Project/Lab2/Code" start="@1537481788729" delta="20" />
</timeLogEntries>
