<?xml version='1.0' encoding='UTF-8' ?>
<timeLogEntries>
  <time id="1" path="/Proyecto/PSP0/Planning" start="@1523587678000" delta="201" />
  <time id="2" path="/Proyecto/PSP0/Planning" start="@1523677923000" delta="48" />
  <time id="3" path="/Proyecto/PSP0/Code" start="@1523660014000" delta="266" />
  <time id="4" path="/Proyecto/PSP0/Code" start="@1524801577666" delta="1" />
  <time id="6" path="/Proyecto/lab_dash2/Planning" start="@1524801697934" delta="10" />
  <time id="5" path="/Proyecto/lab_dash2/Code" start="@1524085337000" delta="232" />
  <time id="7" path="/Proyecto/lab_dash2/Design" start="@1524024339000" delta="103" />
  <time id="8" path="/Proyecto/lab_dash2/Code" start="@1524180759000" delta="170" />
  <time id="9" path="/Proyecto/última entrega/Code" start="@1524611973000" delta="171" />
  <time id="10" path="/Proyecto/última entrega/Code" start="@1524709197000" delta="214" />
  <time id="12" path="/Proyecto/última entrega/Code" start="@1524321023000" />
  <time id="13" path="/Proyecto/última entrega/Code" start="@1524532914000" delta="67" />
  <time id="15" path="/Proyecto/última entrega/Code" start="@1524349287000" delta="102" />
  <time id="16" path="/Proyecto/Lab2_DANIEL_ALEJANDRO_GÓMEZ/Design" start="@1537133472123" delta="3" />
  <time id="17" path="/Proyecto/Lab2_DANIEL_ALEJANDRO_GÓMEZ/Design" start="@1537133642529" delta="74" />
  <time id="18" path="/Proyecto/Lab2_DANIEL_ALEJANDRO_GÓMEZ/Planning" start="@1537174483112" delta="32" />
  <time id="19" path="/Proyecto/Lab2_DANIEL_ALEJANDRO_GÓMEZ/Planning" start="@1537185168392" delta="152" />
  <time id="20" path="/Proyecto/Lab2_DANIEL_ALEJANDRO_GÓMEZ/Design" start="@1537194299521" delta="79" />
  <time id="21" path="/Proyecto/Lab2_DANIEL_ALEJANDRO_GÓMEZ/Code" start="@1537213652631" delta="115" comment="Hard work, little time" />
  <time id="22" path="/Proyecto/Lab2_DANIEL_ALEJANDRO_GÓMEZ/Code" start="@1536873067000" delta="43" />
  <time id="23" path="/Proyecto/Lab2_DANIEL_ALEJANDRO_GÓMEZ/Code" start="@1537440256178" delta="61" />
  <time id="24" path="/Proyecto/Lab2_DANIEL_ALEJANDRO_GÓMEZ/Code" start="@1537443951972" delta="109" />
</timeLogEntries>
